k,n,c,fwer
4,10,0.177827941003892,0.0475
5,10,0.1,0.0455
6,10,0.0649381631576211,0.0515
7,10,0.0429351021008348,0.0465
8,10,0.0273841963426436,0.0545
9,10,0.0153992652605949,0.0465
10,10,0.0133352143216332,0.054
11,10,0.00562341325190349,0.0515
12,10,0.00421696503428582,0.049
13,10,0.00316227766016838,0.052
14,10,0.00177827941003892,0.048
15,10,0.00133352143216332,0.053
16,10,0.001,0.047
17,10,0.000562341325190349,0.048
18,10,0.000421696503428582,0.0495
19,10,0.000316227766016838,0.0515
20,10,0.000177827941003892,0.0465
21,10,0.000133352143216332,0.053
22,10,0.0001,0.0495
23,10,0.0000698,0.0455
24,10,0.0000562,0.0545
25,10,0.0000316,0.0485
26,10,0.0000328,0.05
27,10,0.0000178,0.054
28,10,0.00001,0.0485
29,10,0.00000562,0.0525
30,10,0.00000562,0.049
4,15,0.237137370566166,0.0455
5,15,0.1,0.05
6,15,0.0649381631576211,0.054
7,15,0.0316227766016838,0.0515
8,15,0.0237137370566166,0.0535
9,15,0.0153992652605949,0.0465
10,15,0.01,0.0515
11,15,0.00649381631576211,0.0545
12,15,0.00421696503428582,0.0525
13,15,0.00316227766016838,0.052
14,15,0.00177827941003892,0.0475
15,15,0.00133352143216332,0.0495
16,15,0.001,0.049
17,15,0.000649381631576211,0.054
18,15,0.000486967525165863,0.054
19,15,0.000365174127254838,0.0495
20,15,0.000177827941003892,0.053
21,15,0.000133352143216332,0.0495
22,15,0.0001,0.054
23,15,0.0000562,0.05
24,15,0.0000316,0.047
25,15,0.0000422,0.0525
26,15,0.0000237,0.0545
27,15,0.0000178,0.0525
28,15,0.0000133,0.0545
29,15,0.0000075,0.0455
30,15,0.00000562,0.0525
4,20,0.207207871715422,0.0535
5,20,0.1,0.0475
6,20,0.0649381631576211,0.0525
7,20,0.0365174127254838,0.0545
8,20,0.0316227766016838,0.0505
9,20,0.0143301257023696,0.0525
10,20,0.01,0.0475
11,20,0.00749894209332456,0.0525
12,20,0.00453158363760082,0.0535
13,20,0.00316227766016838,0.0495
14,20,0.00177827941003892,0.05
15,20,0.001,0.0485
16,20,0.000749894209332456,0.05
17,20,0.000562341325190349,0.0455
18,20,0.000421696503428582,0.0505
19,20,0.000316227766016838,0.0495
20,20,0.000177827941003892,0.0515
21,20,0.000133352143216332,0.0485
22,20,0.0001,0.0515
23,20,0.0000562,0.0465
24,20,0.0000316,0.049
25,20,0.0000331,0.054
26,20,0.0000205,0.05
27,20,0.0000163,0.052
28,20,0.00001,0.046
29,20,0.00000562,0.0475
30,20,0.00000316,0.0455
4,25,0.184342299240911,0.0495
5,25,0.1,0.052
6,25,0.0562341325190349,0.0485
7,25,0.0316227766016838,0.047
8,25,0.0237137370566166,0.051
9,25,0.0177827941003892,0.054
10,25,0.01,0.0525
11,25,0.00562341325190349,0.0455
12,25,0.00392418975848454,0.0525
13,25,0.00316227766016838,0.0485
14,25,0.00177827941003892,0.054
15,25,0.00177827941003892,0.05
16,25,0.001,0.0535
17,25,0.000523299114681495,0.0505
18,25,0.000421696503428582,0.0545
19,25,0.000316227766016838,0.055
20,25,0.000177827941003892,0.0485
21,25,0.0001,0.053
22,25,0.0000866,0.0515
23,25,0.0001,0.055
24,25,0.0000422,0.0515
25,25,0.0000316,0.0485
26,25,0.0000237,0.0515
27,25,0.0000133,0.0545
28,25,0.0000075,0.046
29,25,0.00001,0.0545
30,25,0.00000422,0.054
4,30,0.171543789634288,0.0525
5,30,0.115478198468946,0.0485
6,30,0.0649381631576211,0.051
7,30,0.0421696503428582,0.053
8,30,0.0237137370566166,0.0525
9,30,0.0177827941003892,0.0535
10,30,0.01,0.0525
11,30,0.00749894209332456,0.0525
12,30,0.00421696503428582,0.049
13,30,0.00316227766016838,0.0485
14,30,0.00237137370566166,0.0535
15,30,0.00133352143216332,0.0525
16,30,0.001,0.0515
17,30,0.000562341325190349,0.0535
18,30,0.000421696503428582,0.055
19,30,0.000316227766016838,0.046
20,30,0.000177827941003892,0.0455
21,30,0.000133352143216332,0.05
22,30,0.000075,0.047
23,30,0.0000562,0.052
24,30,0.0000487,0.051
25,30,0.0000274,0.048
26,30,0.0000178,0.0485
27,30,0.0000178,0.048
28,30,0.00001,0.05
29,30,0.00000562,0.047
30,30,0.00000487,0.0535
4,35,0.177827941003892,0.0475
5,35,0.1,0.05
6,35,0.0649381631576211,0.051
7,35,0.0392418975848454,0.054
8,35,0.0237137370566166,0.049
9,35,0.0177827941003892,0.055
10,35,0.01,0.05
11,35,0.00649381631576211,0.0505
12,35,0.00562341325190349,0.053
13,35,0.00316227766016838,0.054
14,35,0.00177827941003892,0.053
15,35,0.00133352143216332,0.0505
16,35,0.001,0.0535
17,35,0.000562341325190349,0.053
18,35,0.000316227766016838,0.0475
19,35,0.000273841963426436,0.053
20,35,0.000237137370566166,0.053
21,35,0.0001,0.0515
22,35,0.0001,0.054
23,35,0.0000562,0.055
24,35,0.0000562,0.053
25,35,0.0000316,0.053
26,35,0.0000133,0.0475
27,35,0.00001,0.046
28,35,0.00001,0.0505
29,35,0.00000673,0.055
30,35,0.00000422,0.0455
4,40,0.177827941003892,0.0495
5,40,0.1,0.054
6,40,0.0749894209332456,0.0545
7,40,0.0421696503428582,0.0535
8,40,0.0237137370566166,0.05
9,40,0.0177827941003892,0.0525
10,40,0.01,0.055
11,40,0.00562341325190349,0.053
12,40,0.00453158363760082,0.051
13,40,0.00237137370566166,0.048
14,40,0.00177827941003892,0.0535
15,40,0.00133352143216332,0.0505
16,40,0.001,0.05
17,40,0.000562341325190349,0.0455
18,40,0.000316227766016838,0.05
19,40,0.000237137370566166,0.046
20,40,0.000177827941003892,0.0455
21,40,0.0001,0.0485
22,40,0.0001,0.0535
23,40,0.0000562,0.0465
24,40,0.0000316,0.051
25,40,0.0000316,0.048
26,40,0.0000178,0.0535
27,40,0.00001,0.048
28,40,0.00001,0.055
29,40,0.00000562,0.0485
30,40,0.00000316,0.049
4,45,0.177827941003892,0.046
5,45,0.115478198468946,0.0525
6,45,0.0562341325190349,0.052
7,45,0.0378551524925863,0.046
8,45,0.0237137370566166,0.0515
9,45,0.0177827941003892,0.053
10,45,0.01,0.05
11,45,0.00542469093701133,0.0485
12,45,0.00316227766016838,0.049
13,45,0.00237137370566166,0.0465
14,45,0.00177827941003892,0.047
15,45,0.00115478198468946,0.0505
16,45,0.000749894209332456,0.049
17,45,0.000562341325190349,0.049
18,45,0.000421696503428582,0.0505
19,45,0.000237137370566166,0.0505
20,45,0.000133352143216332,0.048
21,45,0.0001,0.052
22,45,0.0000562,0.0455
23,45,0.0000562,0.0535
24,45,0.0000316,0.047
25,45,0.0000346,0.051
26,45,0.0000237,0.055
27,45,0.00001,0.0515
28,45,0.00000806,0.052
29,45,0.00000562,0.0515
30,45,0.00000562,0.0505
4,50,0.177827941003892,0.05
5,50,0.1,0.0535
6,50,0.0562341325190349,0.0505
7,50,0.0392418975848454,0.047
8,50,0.0237137370566166,0.05
9,50,0.0153992652605949,0.0505
10,50,0.00835362546957826,0.047
11,50,0.00562341325190349,0.051
12,50,0.00316227766016838,0.0455
13,50,0.00237137370566166,0.0545
14,50,0.00177827941003892,0.053
15,50,0.00135772714210518,0.0495
16,50,0.000865964323360065,0.0505
17,50,0.000562341325190349,0.052
18,50,0.000365174127254838,0.0545
19,50,0.000237137370566166,0.055
20,50,0.000177827941003892,0.0535
21,50,0.0001,0.046
22,50,0.0000562,0.047
23,50,0.0000562,0.0515
24,50,0.0000422,0.054
25,50,0.0000316,0.05
26,50,0.0000178,0.049
27,50,0.0000133,0.0515
28,50,0.00001,0.0505
29,50,0.00000562,0.0505
30,50,0.00000422,0.047
3,5,0.421696503428582,0.053
3,6,0.406794432108305,0.049
3,7,0.421696503428582,0.055
3,8,0.421696503428582,0.0485
3,9,0.421696503428582,0.054
3,10,0.316227766016838,0.0465
3,15,0.421696503428582,0.048
3,20,0.421696503428582,0.055
3,25,0.316227766016838,0.051
3,30,0.394187751112966,0.0465
3,35,0.421696503428582,0.0525
3,40,0.365174127254838,0.048
3,45,0.421696503428582,0.051
3,50,0.365174127254838,0.0455
3,5,0.421696503428582,0.053
4,5,0.177827941003892,0.047
5,5,0.133352143216332,0.0475
6,5,0.0805842187761482,0.05
7,5,0.0486967525165863,0.055
8,5,0.0316227766016838,0.049
9,5,0.0177827941003892,0.0475
10,5,0.01,0.0475
11,5,0.00805842187761482,0.0505
12,5,0.00562341325190349,0.0525
13,5,0.00316227766016838,0.0485
14,5,0.00177827941003892,0.047
15,5,0.00177827941003892,0.05
16,5,0.00133352143216332,0.0485
17,5,0.001,0.054
18,5,0.000749894209332456,0.054
19,5,0.000421696503428582,0.0455
20,5,0.000316227766016838,0.0495
21,5,0.000237137370566166,0.0535
22,5,0.000177827941003892,0.055
23,5,0.0001,0.0475
24,5,7.49894209332456e-05,0.055
25,5,5.62341325190349e-05,0.054
26,5,3.16227766016838e-05,0.0505
27,5,3.16227766016838e-05,0.0475
28,5,1.77827941003892e-05,0.049
29,5,1.15478198468946e-05,0.0455
30,5,1.15478198468946e-05,0.0545
31,5,5.62341325190349e-06,0.046
32,5,3.16227766016838e-06,0.0455
33,5,3.16227766016838e-06,0.0475
34,5,2.20673406908459e-06,0.047
35,5,1.77827941003892e-06,0.0535
36,5,0.000001,0.047
37,5,0.000001,0.047
38,5,5.62341325190349e-07,0.0535
39,5,5.62341325190349e-07,0.0545
40,5,3.39820832894256e-07,0.0515
41,5,1.77827941003892e-07,0.0485
42,5,1.65481709994318e-07,0.0535
43,5,0.0000001,0.0475
44,5,9.30572040929699e-08,0.052
45,5,0.0000001,0.0535
46,5,5.62341325190349e-08,0.0515
47,5,3.16227766016838e-08,0.0515
48,5,3.16227766016838e-08,0.0535
49,5,1.77827941003892e-08,0.0465
50,5,1.33352143216332e-08,0.0485
3,6,0.365174127254838,0.049
4,6,0.237137370566166,0.053
5,6,0.133352143216332,0.048
6,6,0.0749894209332456,0.055
7,6,0.0316227766016838,0.0465
8,6,0.0273841963426436,0.0465
9,6,0.0191095297497044,0.051
10,6,0.0115478198468946,0.0485
11,6,0.00749894209332456,0.047
12,6,0.00562341325190349,0.05
13,6,0.00365174127254838,0.049
14,6,0.00273841963426436,0.05
15,6,0.00177827941003892,0.0505
16,6,0.00133352143216332,0.054
17,6,0.000749894209332456,0.0465
18,6,0.000572548788435838,0.0475
19,6,0.000316227766016838,0.0495
20,6,0.000237137370566166,0.05
21,6,0.000205352502645715,0.053
22,6,0.000133352143216332,0.05
23,6,0.000107460782832132,0.051
24,6,6.49381631576211e-05,0.046
25,6,3.16227766016838e-05,0.049
26,6,3.16227766016838e-05,0.054
27,6,2.37137370566166e-05,0.053
28,6,1.77827941003892e-05,0.0535
29,6,0.00001,0.0465
30,6,7.49894209332456e-06,0.054
31,6,3.16227766016838e-06,0.0455
32,6,3.16227766016838e-06,0.0475
33,6,2.37137370566166e-06,0.0455
34,6,1.77827941003892e-06,0.0505
35,6,1.53992652605949e-06,0.052
36,6,0.000001,0.0485
37,6,5.62341325190349e-07,0.0495
38,6,4.86967525165863e-07,0.046
39,6,3.16227766016838e-07,0.0475
40,6,3.16227766016838e-07,0.054
41,6,1.65481709994318e-07,0.05
42,6,1.77827941003892e-07,0.0545
43,6,0.0000001,0.048
44,6,5.62341325190349e-08,0.049
45,6,5.62341325190349e-08,0.049
46,6,3.16227766016838e-08,0.047
47,6,3.16227766016838e-08,0.0525
48,6,1.77827941003892e-08,0.0455
49,6,1.77827941003892e-08,0.051
50,6,1.33352143216332e-08,0.0465
3,7,0.421696503428582,0.05
4,7,0.237137370566166,0.05
5,7,0.1,0.0485
6,7,0.0697830584859866,0.049
7,7,0.0453158363760082,0.0535
8,7,0.0237137370566166,0.051
9,7,0.0171543789634288,0.052
10,7,0.0115478198468946,0.051
11,7,0.00749894209332456,0.0485
12,7,0.00562341325190349,0.055
13,7,0.00316227766016838,0.0535
14,7,0.00205352502645715,0.051
15,7,0.00177827941003892,0.0545
16,7,0.001,0.049
17,7,0.000697830584859866,0.046
18,7,0.000604296390238133,0.0545
19,7,0.000365174127254838,0.054
20,7,0.000316227766016838,0.0485
21,7,0.000177827941003892,0.0495
22,7,0.000115478198468946,0.054
23,7,0.0001,0.053
24,7,5.62341325190349e-05,0.0495
25,7,4.21696503428582e-05,0.0495
26,7,3.16227766016838e-05,0.051
27,7,1.77827941003892e-05,0.0515
28,7,1.33352143216332e-05,0.0545
29,7,0.00001,0.055
30,7,5.62341325190349e-06,0.0475
31,7,6.09756235221459e-06,0.0535
32,7,3.16227766016838e-06,0.0525
33,7,3.16227766016838e-06,0.0515
34,7,2.05352502645715e-06,0.053
35,7,1.33352143216332e-06,0.048
36,7,0.000001,0.048
37,7,5.62341325190349e-07,0.05
38,7,4.21696503428582e-07,0.052
39,7,4.21696503428582e-07,0.054
40,7,2.37137370566166e-07,0.0535
41,7,1.77827941003892e-07,0.049
42,7,0.0000001,0.046
43,7,0.0000001,0.052
44,7,7.49894209332456e-08,0.0465
45,7,3.16227766016838e-08,0.0485
46,7,4.21696503428582e-08,0.0535
47,7,1.77827941003892e-08,0.046
48,7,1.77827941003892e-08,0.0535
49,7,1.24093776075172e-08,0.0535
50,7,1.07460782832132e-08,0.055
3,8,0.421696503428582,0.053
4,8,0.237137370566166,0.0475
5,8,0.1,0.0485
6,8,0.0562341325190349,0.049
7,8,0.0392418975848454,0.055
8,8,0.022875732003184,0.0495
9,8,0.0153992652605949,0.047
10,8,0.0124093776075172,0.054
11,8,0.00805842187761482,0.047
12,8,0.00562341325190349,0.0535
13,8,0.00316227766016838,0.0505
14,8,0.00237137370566166,0.047
15,8,0.00177827941003892,0.053
16,8,0.001,0.0465
17,8,0.000649381631576211,0.048
18,8,0.000562341325190349,0.049
19,8,0.000316227766016838,0.0475
20,8,0.000273841963426436,0.051
21,8,0.000133352143216332,0.048
22,8,0.0001,0.0485
23,8,0.0001,0.055
24,8,5.62341325190349e-05,0.0495
25,8,3.16227766016838e-05,0.0455
26,8,2.37137370566166e-05,0.0455
27,8,1.77827941003892e-05,0.053
28,8,0.00001,0.048
29,8,0.00001,0.055
30,8,5.62341325190349e-06,0.0465
31,8,5.62341325190349e-06,0.0545
32,8,3.65174127254838e-06,0.055
33,8,2.37137370566166e-06,0.055
34,8,1.77827941003892e-06,0.0525
35,8,0.000001,0.0505
36,8,8.05842187761482e-07,0.054
37,8,5.62341325190349e-07,0.048
38,8,4.53158363760082e-07,0.054
39,8,2.73841963426436e-07,0.0525
40,8,1.77827941003892e-07,0.046
41,8,0.0000001,0.0455
42,8,1.33352143216332e-07,0.049
43,8,0.0000001,0.055
44,8,5.23299114681495e-08,0.0515
45,8,3.92418975848454e-08,0.051
46,8,3.16227766016838e-08,0.0485
47,8,1.77827941003892e-08,0.0475
48,8,1.33352143216332e-08,0.0485
49,8,1.24093776075172e-08,0.0505
50,8,1.07460782832132e-08,0.054
3,9,0.421696503428582,0.05
4,9,0.177827941003892,0.048
5,9,0.133352143216332,0.0545
6,9,0.0626433536656886,0.0545
7,9,0.0421696503428582,0.052
8,9,0.0237137370566166,0.05
9,9,0.0177827941003892,0.055
10,9,0.0115478198468946,0.05
11,9,0.00749894209332456,0.0525
12,9,0.00562341325190349,0.0545
13,9,0.00316227766016838,0.0485
14,9,0.00316227766016838,0.055
15,9,0.00177827941003892,0.055
16,9,0.001,0.0505
17,9,0.000749894209332456,0.049
18,9,0.000486967525165863,0.0515
19,9,0.000316227766016838,0.047
20,9,0.000237137370566166,0.054
21,9,0.000177827941003892,0.047
22,9,0.000107460782832132,0.052
23,9,7.49894209332456e-05,0.0475
24,9,4.21696503428582e-05,0.05
25,9,3.16227766016838e-05,0.047
26,9,2.2875732003184e-05,0.053
27,9,1.77827941003892e-05,0.0455
28,9,0.00001,0.049
29,9,7.49894209332456e-06,0.046
30,9,5.62341325190349e-06,0.051
31,9,3.16227766016838e-06,0.0475
32,9,2.37137370566166e-06,0.052
33,9,1.77827941003892e-06,0.049
34,9,1.81055824302712e-06,0.054
35,9,0.000001,0.0465
36,9,7.49894209332456e-07,0.0475
37,9,5.62341325190349e-07,0.05
38,9,4.21696503428582e-07,0.0525
39,9,3.16227766016838e-07,0.055
40,9,0.0000001,0.048
41,9,1.53992652605949e-07,0.0485
42,9,0.0000001,0.0525
43,9,0.0000001,0.0545
44,9,3.16227766016838e-08,0.0455
45,9,5.62341325190349e-08,0.054
46,9,2.37137370566166e-08,0.048
47,9,1.77827941003892e-08,0.046
48,9,1.77827941003892e-08,0.049
49,9,1.15478198468946e-08,0.055
50,9,1.0366329284377e-08,0.0515
