"scenario","k","n","c_factor","method","power","mean_rejections"
"Monotonic_k5_d0.5",5,10,0.114256717260664,"Fusion",0.9765,2.059
"Monotonic_k5_d0.5",5,10,0.114256717260664,"Tukey",0.97,3.377
"Monotonic_k5_d0.5",5,10,0.114256717260664,"Holm",0.9615,3.44
"Monotonic_k5_d0.5",5,10,0.114256717260664,"BH",0.9675,4.5495
"Monotonic_k5_d0.5",5,10,0.114256717260664,"Scheffe",0.932,2.633
"Monotonic_k5_d1.0",5,10,0.114256717260664,"Fusion",1,2.8865
"Monotonic_k5_d1.0",5,10,0.114256717260664,"Tukey",1,6.9885
"Monotonic_k5_d1.0",5,10,0.114256717260664,"Holm",1,7.5655
"Monotonic_k5_d1.0",5,10,0.114256717260664,"BH",1,8.21
"Monotonic_k5_d1.0",5,10,0.114256717260664,"Scheffe",1,6.426
"TwoGroups_k6_d1.0",6,10,0.066113596880164,"Fusion",0.8105,1.816
"TwoGroups_k6_d1.0",6,10,0.066113596880164,"Tukey",0.7145,2.1915
"TwoGroups_k6_d1.0",6,10,0.066113596880164,"Holm",0.6605,2.0615
"TwoGroups_k6_d1.0",6,10,0.066113596880164,"BH",0.7075,3.474
"TwoGroups_k6_d1.0",6,10,0.066113596880164,"Scheffe",0.473,1.125
"TwoGroups_k6_d0.5",6,10,0.066113596880164,"Fusion",0.2355,1.2355
"TwoGroups_k6_d0.5",6,10,0.066113596880164,"Tukey",0.209,0.356
"TwoGroups_k6_d0.5",6,10,0.066113596880164,"Holm",0.182,0.3
"TwoGroups_k6_d0.5",6,10,0.066113596880164,"BH",0.2035,0.551
"TwoGroups_k6_d0.5",6,10,0.066113596880164,"Scheffe",0.079,0.1135
"ThreeGroups_k9",9,10,0.0156374491648382,"Fusion",0.7245,1.741
"ThreeGroups_k9",9,10,0.0156374491648382,"Tukey",0.6545,2.0735
"ThreeGroups_k9",9,10,0.0156374491648382,"Holm",0.5915,1.7645
"ThreeGroups_k9",9,10,0.0156374491648382,"BH",0.634,3.9435
"ThreeGroups_k9",9,10,0.0156374491648382,"Scheffe",0.23,0.4275
"Outlier_k5_d2.0",5,10,0.114256717260664,"Fusion",0.9975,2.013
"Outlier_k5_d2.0",5,10,0.114256717260664,"Tukey",0.9965,3.836
"Outlier_k5_d2.0",5,10,0.114256717260664,"Holm",0.9955,3.8485
"Outlier_k5_d2.0",5,10,0.114256717260664,"BH",0.996,4.074
"Outlier_k5_d2.0",5,10,0.114256717260664,"Scheffe",0.99,3.612
"Outlier_k5_d1.0",5,10,0.114256717260664,"Fusion",0.55,1.553
"Outlier_k5_d1.0",5,10,0.114256717260664,"Tukey",0.5595,1.1665
"Outlier_k5_d1.0",5,10,0.114256717260664,"Holm",0.516,1.09
"Outlier_k5_d1.0",5,10,0.114256717260664,"BH",0.531,1.462
"Outlier_k5_d1.0",5,10,0.114256717260664,"Scheffe",0.397,0.747
"TwoGroups_k8_d0.8",8,10,0.0246738185866684,"Fusion",0.6805,1.686
"TwoGroups_k8_d0.8",8,10,0.0246738185866684,"Tukey",0.558,1.668
"TwoGroups_k8_d0.8",8,10,0.0246738185866684,"Holm",0.4985,1.441
"TwoGroups_k8_d0.8",8,10,0.0246738185866684,"BH",0.546,3.103
"TwoGroups_k8_d0.8",8,10,0.0246738185866684,"Scheffe",0.218,0.4095
"Monotonic_k5_d0.5",5,15,0.114256717260664,"Fusion",0.9985,2.2155
"Monotonic_k5_d0.5",5,15,0.114256717260664,"Tukey",0.9995,4.506
"Monotonic_k5_d0.5",5,15,0.114256717260664,"Holm",0.999,4.745
"Monotonic_k5_d0.5",5,15,0.114256717260664,"BH",0.9995,5.782
"Monotonic_k5_d0.5",5,15,0.114256717260664,"Scheffe",0.991,3.781
"Monotonic_k5_d1.0",5,15,0.114256717260664,"Fusion",1,3.2055
"Monotonic_k5_d1.0",5,15,0.114256717260664,"Tukey",1,7.9045
"Monotonic_k5_d1.0",5,15,0.114256717260664,"Holm",1,8.738
"Monotonic_k5_d1.0",5,15,0.114256717260664,"BH",1,9.0555
"Monotonic_k5_d1.0",5,15,0.114256717260664,"Scheffe",1,7.3685
"TwoGroups_k6_d1.0",6,15,0.066113596880164,"Fusion",0.974,1.9845
"TwoGroups_k6_d1.0",6,15,0.066113596880164,"Tukey",0.903,3.9125
"TwoGroups_k6_d1.0",6,15,0.066113596880164,"Holm",0.88,3.894
"TwoGroups_k6_d1.0",6,15,0.066113596880164,"BH",0.9105,5.767
"TwoGroups_k6_d1.0",6,15,0.066113596880164,"Scheffe",0.744,2.366
"TwoGroups_k6_d0.5",6,15,0.066113596880164,"Fusion",0.3665,1.3665
"TwoGroups_k6_d0.5",6,15,0.066113596880164,"Tukey",0.3195,0.598
"TwoGroups_k6_d0.5",6,15,0.066113596880164,"Holm",0.2735,0.5195
"TwoGroups_k6_d0.5",6,15,0.066113596880164,"BH",0.3015,0.9415
"TwoGroups_k6_d0.5",6,15,0.066113596880164,"Scheffe",0.1465,0.2275
"ThreeGroups_k9",9,15,0.0156374491648382,"Fusion",0.902,1.9395
"ThreeGroups_k9",9,15,0.0156374491648382,"Tukey",0.8555,3.9
"ThreeGroups_k9",9,15,0.0156374491648382,"Holm",0.8125,3.5535
"ThreeGroups_k9",9,15,0.0156374491648382,"BH",0.853,7.3105
"ThreeGroups_k9",9,15,0.0156374491648382,"Scheffe",0.4725,1.1145
"Outlier_k5_d2.0",5,15,0.114256717260664,"Fusion",0.9995,2.018
"Outlier_k5_d2.0",5,15,0.114256717260664,"Tukey",1,4.0265
"Outlier_k5_d2.0",5,15,0.114256717260664,"Holm",1,4.04
"Outlier_k5_d2.0",5,15,0.114256717260664,"BH",1,4.1675
"Outlier_k5_d2.0",5,15,0.114256717260664,"Scheffe",0.9995,3.964
"Outlier_k5_d1.0",5,15,0.114256717260664,"Fusion",0.772,1.7765
"Outlier_k5_d1.0",5,15,0.114256717260664,"Tukey",0.772,1.9645
"Outlier_k5_d1.0",5,15,0.114256717260664,"Holm",0.7395,1.9035
"Outlier_k5_d1.0",5,15,0.114256717260664,"BH",0.767,2.4335
"Outlier_k5_d1.0",5,15,0.114256717260664,"Scheffe",0.6295,1.398
"TwoGroups_k8_d0.8",8,15,0.0246738185866684,"Fusion",0.8885,1.8995
"TwoGroups_k8_d0.8",8,15,0.0246738185866684,"Tukey",0.781,3.069
"TwoGroups_k8_d0.8",8,15,0.0246738185866684,"Holm",0.727,2.7895
"TwoGroups_k8_d0.8",8,15,0.0246738185866684,"BH",0.777,5.7885
"TwoGroups_k8_d0.8",8,15,0.0246738185866684,"Scheffe",0.3895,0.9145
"Monotonic_k5_d0.5",5,20,0.114256717260664,"Fusion",1,2.4125
"Monotonic_k5_d0.5",5,20,0.114256717260664,"Tukey",1,5.398
"Monotonic_k5_d0.5",5,20,0.114256717260664,"Holm",1,5.7475
"Monotonic_k5_d0.5",5,20,0.114256717260664,"BH",1,6.735
"Monotonic_k5_d0.5",5,20,0.114256717260664,"Scheffe",1,4.6985
"Monotonic_k5_d1.0",5,20,0.114256717260664,"Fusion",1,3.436
"Monotonic_k5_d1.0",5,20,0.114256717260664,"Tukey",1,8.574
"Monotonic_k5_d1.0",5,20,0.114256717260664,"Holm",1,9.3725
"Monotonic_k5_d1.0",5,20,0.114256717260664,"BH",1,9.489
"Monotonic_k5_d1.0",5,20,0.114256717260664,"Scheffe",1,8.045
"TwoGroups_k6_d1.0",6,20,0.066113596880164,"Fusion",0.994,2.007
"TwoGroups_k6_d1.0",6,20,0.066113596880164,"Tukey",0.9795,5.482
"TwoGroups_k6_d1.0",6,20,0.066113596880164,"Holm",0.969,5.5885
"TwoGroups_k6_d1.0",6,20,0.066113596880164,"BH",0.983,7.3765
"TwoGroups_k6_d1.0",6,20,0.066113596880164,"Scheffe",0.905,3.759
"TwoGroups_k6_d0.5",6,20,0.066113596880164,"Fusion",0.505,1.5055
"TwoGroups_k6_d0.5",6,20,0.066113596880164,"Tukey",0.418,0.9025
"TwoGroups_k6_d0.5",6,20,0.066113596880164,"Holm",0.372,0.81
"TwoGroups_k6_d0.5",6,20,0.066113596880164,"BH",0.4035,1.4025
"TwoGroups_k6_d0.5",6,20,0.066113596880164,"Scheffe",0.2055,0.3485
"ThreeGroups_k9",9,20,0.0156374491648382,"Fusion",0.977,2.0435
"ThreeGroups_k9",9,20,0.0156374491648382,"Tukey",0.951,5.6795
"ThreeGroups_k9",9,20,0.0156374491648382,"Holm",0.9325,5.3595
"ThreeGroups_k9",9,20,0.0156374491648382,"BH",0.95,10.2705
"ThreeGroups_k9",9,20,0.0156374491648382,"Scheffe",0.6835,2.0575
"Outlier_k5_d2.0",5,20,0.114256717260664,"Fusion",1,2.022
"Outlier_k5_d2.0",5,20,0.114256717260664,"Tukey",1,4.0445
"Outlier_k5_d2.0",5,20,0.114256717260664,"Holm",1,4.0575
"Outlier_k5_d2.0",5,20,0.114256717260664,"BH",1,4.181
"Outlier_k5_d2.0",5,20,0.114256717260664,"Scheffe",0.9995,4.017
"Outlier_k5_d1.0",5,20,0.114256717260664,"Fusion",0.9095,1.9135
"Outlier_k5_d1.0",5,20,0.114256717260664,"Tukey",0.904,2.678
"Outlier_k5_d1.0",5,20,0.114256717260664,"Holm",0.8875,2.6495
"Outlier_k5_d1.0",5,20,0.114256717260664,"BH",0.8985,3.1335
"Outlier_k5_d1.0",5,20,0.114256717260664,"Scheffe",0.8155,2.104
"TwoGroups_k8_d0.8",8,20,0.0246738185866684,"Fusion",0.972,1.9915
"TwoGroups_k8_d0.8",8,20,0.0246738185866684,"Tukey",0.911,4.717
"TwoGroups_k8_d0.8",8,20,0.0246738185866684,"Holm",0.878,4.443
"TwoGroups_k8_d0.8",8,20,0.0246738185866684,"BH",0.918,8.5045
"TwoGroups_k8_d0.8",8,20,0.0246738185866684,"Scheffe",0.582,1.6635
"Monotonic_k5_d0.5",5,25,0.114256717260664,"Fusion",1,2.566
"Monotonic_k5_d0.5",5,25,0.114256717260664,"Tukey",1,6.0075
"Monotonic_k5_d0.5",5,25,0.114256717260664,"Holm",1,6.4065
"Monotonic_k5_d0.5",5,25,0.114256717260664,"BH",1,7.228
"Monotonic_k5_d0.5",5,25,0.114256717260664,"Scheffe",1,5.328
"Monotonic_k5_d1.0",5,25,0.114256717260664,"Fusion",1,3.7125
"Monotonic_k5_d1.0",5,25,0.114256717260664,"Tukey",1,9.085
"Monotonic_k5_d1.0",5,25,0.114256717260664,"Holm",1,9.717
"Monotonic_k5_d1.0",5,25,0.114256717260664,"BH",1,9.7485
"Monotonic_k5_d1.0",5,25,0.114256717260664,"Scheffe",1,8.6115
"TwoGroups_k6_d1.0",6,25,0.066113596880164,"Fusion",0.9995,2.011
"TwoGroups_k6_d1.0",6,25,0.066113596880164,"Tukey",0.9945,6.6465
"TwoGroups_k6_d1.0",6,25,0.066113596880164,"Holm",0.9895,6.82
"TwoGroups_k6_d1.0",6,25,0.066113596880164,"BH",0.9965,8.2015
"TwoGroups_k6_d1.0",6,25,0.066113596880164,"Scheffe",0.96,5.01
"TwoGroups_k6_d0.5",6,25,0.066113596880164,"Fusion",0.6105,1.615
"TwoGroups_k6_d0.5",6,25,0.066113596880164,"Tukey",0.525,1.187
"TwoGroups_k6_d0.5",6,25,0.066113596880164,"Holm",0.4745,1.081
"TwoGroups_k6_d0.5",6,25,0.066113596880164,"BH",0.509,1.8855
"TwoGroups_k6_d0.5",6,25,0.066113596880164,"Scheffe",0.295,0.5215
"ThreeGroups_k9",9,25,0.0156374491648382,"Fusion",0.9945,2.113
"ThreeGroups_k9",9,25,0.0156374491648382,"Tukey",0.9855,7.6115
"ThreeGroups_k9",9,25,0.0156374491648382,"Holm",0.9765,7.3995
"ThreeGroups_k9",9,25,0.0156374491648382,"BH",0.9825,12.856
"ThreeGroups_k9",9,25,0.0156374491648382,"Scheffe",0.8385,3.319
"Outlier_k5_d2.0",5,25,0.114256717260664,"Fusion",1,2.015
"Outlier_k5_d2.0",5,25,0.114256717260664,"Tukey",1,4.037
"Outlier_k5_d2.0",5,25,0.114256717260664,"Holm",1,4.051
"Outlier_k5_d2.0",5,25,0.114256717260664,"BH",1,4.1645
"Outlier_k5_d2.0",5,25,0.114256717260664,"Scheffe",1,4.014
"Outlier_k5_d1.0",5,25,0.114256717260664,"Fusion",0.9595,1.966
"Outlier_k5_d1.0",5,25,0.114256717260664,"Tukey",0.95,3.132
"Outlier_k5_d1.0",5,25,0.114256717260664,"Holm",0.9365,3.117
"Outlier_k5_d1.0",5,25,0.114256717260664,"BH",0.949,3.557
"Outlier_k5_d1.0",5,25,0.114256717260664,"Scheffe",0.8935,2.615
"TwoGroups_k8_d0.8",8,25,0.0246738185866684,"Fusion",0.9905,2.007
"TwoGroups_k8_d0.8",8,25,0.0246738185866684,"Tukey",0.9675,6.5875
"TwoGroups_k8_d0.8",8,25,0.0246738185866684,"Holm",0.9495,6.4545
"TwoGroups_k8_d0.8",8,25,0.0246738185866684,"BH",0.971,11.0495
"TwoGroups_k8_d0.8",8,25,0.0246738185866684,"Scheffe",0.7525,2.784
"Monotonic_k5_d0.5",5,30,0.114256717260664,"Fusion",1,2.702
"Monotonic_k5_d0.5",5,30,0.114256717260664,"Tukey",1,6.414
"Monotonic_k5_d0.5",5,30,0.114256717260664,"Holm",1,6.908
"Monotonic_k5_d0.5",5,30,0.114256717260664,"BH",1,7.704
"Monotonic_k5_d0.5",5,30,0.114256717260664,"Scheffe",1,5.788
"Monotonic_k5_d1.0",5,30,0.114256717260664,"Fusion",1,4.034
"Monotonic_k5_d1.0",5,30,0.114256717260664,"Tukey",1,9.458
"Monotonic_k5_d1.0",5,30,0.114256717260664,"Holm",1,9.8735
"Monotonic_k5_d1.0",5,30,0.114256717260664,"BH",1,9.8865
"Monotonic_k5_d1.0",5,30,0.114256717260664,"Scheffe",1,9.081
"TwoGroups_k6_d1.0",6,30,0.066113596880164,"Fusion",1,2.01
"TwoGroups_k6_d1.0",6,30,0.066113596880164,"Tukey",0.9985,7.61
"TwoGroups_k6_d1.0",6,30,0.066113596880164,"Holm",0.997,7.819
"TwoGroups_k6_d1.0",6,30,0.066113596880164,"BH",0.9995,8.757
"TwoGroups_k6_d1.0",6,30,0.066113596880164,"Scheffe",0.9925,6.315
"TwoGroups_k6_d0.5",6,30,0.066113596880164,"Fusion",0.7275,1.73
"TwoGroups_k6_d0.5",6,30,0.066113596880164,"Tukey",0.6285,1.65
"TwoGroups_k6_d0.5",6,30,0.066113596880164,"Holm",0.5745,1.539
"TwoGroups_k6_d0.5",6,30,0.066113596880164,"BH",0.6155,2.587
"TwoGroups_k6_d0.5",6,30,0.066113596880164,"Scheffe",0.387,0.755
"ThreeGroups_k9",9,30,0.0156374491648382,"Fusion",0.9995,2.1655
"ThreeGroups_k9",9,30,0.0156374491648382,"Tukey",0.996,9.0285
"ThreeGroups_k9",9,30,0.0156374491648382,"Holm",0.9955,8.914
"ThreeGroups_k9",9,30,0.0156374491648382,"BH",0.997,14.87
"ThreeGroups_k9",9,30,0.0156374491648382,"Scheffe",0.926,4.4995
"Outlier_k5_d2.0",5,30,0.114256717260664,"Fusion",1,2.018
"Outlier_k5_d2.0",5,30,0.114256717260664,"Tukey",1,4.044
"Outlier_k5_d2.0",5,30,0.114256717260664,"Holm",1,4.057
"Outlier_k5_d2.0",5,30,0.114256717260664,"BH",1,4.186
"Outlier_k5_d2.0",5,30,0.114256717260664,"Scheffe",1,4.0115
"Outlier_k5_d1.0",5,30,0.114256717260664,"Fusion",0.989,1.9965
"Outlier_k5_d1.0",5,30,0.114256717260664,"Tukey",0.984,3.4935
"Outlier_k5_d1.0",5,30,0.114256717260664,"Holm",0.981,3.506
"Outlier_k5_d1.0",5,30,0.114256717260664,"BH",0.9835,3.873
"Outlier_k5_d1.0",5,30,0.114256717260664,"Scheffe",0.9675,3.117
"TwoGroups_k8_d0.8",8,30,0.0246738185866684,"Fusion",0.998,2.0165
"TwoGroups_k8_d0.8",8,30,0.0246738185866684,"Tukey",0.9875,8.4
"TwoGroups_k8_d0.8",8,30,0.0246738185866684,"Holm",0.977,8.406
"TwoGroups_k8_d0.8",8,30,0.0246738185866684,"BH",0.988,12.8225
"TwoGroups_k8_d0.8",8,30,0.0246738185866684,"Scheffe",0.867,4.03
